mz,int
259.012931714301 ,422
96.9583329510325 ,1035
274.989482370829 ,283
452.074030472862 ,962
451.076662396895 ,2387
450.073550979175 ,14675
449.079096289053 ,16441
448.076410628798 ,99471
